Name;Code;Type;DR;n;High;Low;Unit;Km;Km Unit;Construct;Function;Regulator;Reg Type;Lab;Publication;doi;Strain;Plasmid;ori;Resistance;Keywords;Sequence1;Sequence2;Sequence3;Sequence4;Sequence5;Sequence6;Sequence7;Sequence8;Sequence9;Sequence10
Transcriptional riboregulator pair 9;STAR9;Riboregulators;202.32;-;86884.51;429.45;MEFL;-;-;Promoter:J23119,Ribozyme:STAR9,Terminator:t500//Promoter:J23119,Ribozyme:Target,RBS:,CDS:sfGFP,Terminator:TrrnB;Buffer;RNA;Activation;Lucks;Chappell, J., Westbrook, A., Verosloff, M. and Lucks, J., 2017. Computational design of small transcription activating RNAs for versatile and dynamic gene regulation. Nature Communications, 8(1).;https://doi.org/10.1038/s41467-017-01082-6;TG1;pJBL;p15A/ColE1;Clo/Amp;Riboregulator, STAR, small trans-activating RNA, hairpin, computational design;Trans-regulator:TGAACTGTATACATTCCCCGCAACGGAACTGATGATGGAAACTTGAACTTGGACTATGATG;Hairpin:CATCATAGTCCAAGTTCAAGTTTCCATCATCAGTTCCGTTGCGGGGAATGTATACAGTTCATGTATATATTCCCCGCTTTTTTTTT;;;;;;;;
Transcriptional riboregulator pair 8;STAR8;Riboregulators;213.62;-;70985.7;332.3;MEFL;-;-;Promoter:J23119,Ribozyme:STAR8,Terminator:t500//Promoter:J23119,Ribozyme:Target,RBS:,CDS:sfGFP,Terminator:TrrnB;Buffer;RNA;Activation;Lucks;Chappell, J., Westbrook, A., Verosloff, M. and Lucks, J., 2017. Computational design of small transcription activating RNAs for versatile and dynamic gene regulation. Nature Communications, 8(1).;https://doi.org/10.1038/s41467-017-01082-6;TG1;pJBL;p15A/ColE1;Clo/Amp;Riboregulator, STAR, small trans-activating RNA, hairpin, computational design;Trans-regulator:TGAACTGTATACATTCCCCGCAGGATAAGAGTAAGTGAGAGTAGGTAGAGATTGAGGATGG;Hairpin:CCATCCTCAATCTCTACCTACTCTCACTTACTCTTATCCTGCGGGGAATGTATACAGTTCATGTATATATTCCCCGCTTTTTTTTT;;;;;;;;
Transcriptional riboregulator pair 6;STAR6;Riboregulators;233.7;-;246396.64;1054.35;MEFL;-;-;Promoter:J23119,Ribozyme:STAR6,Terminator:t500//Promoter:J23119,Ribozyme:Target,RBS:,CDS:sfGFP,Terminator:TrrnB;Buffer;RNA;Activation;Lucks;Chappell, J., Westbrook, A., Verosloff, M. and Lucks, J., 2017. Computational design of small transcription activating RNAs for versatile and dynamic gene regulation. Nature Communications, 8(1).;https://doi.org/10.1038/s41467-017-01082-6;TG1;pJBL;p15A/ColE1;Clo/Amp;Riboregulator, STAR, small trans-activating RNA, hairpin, computational design;Trans-regulator:TGAACTGTATACATTCCCCGCTGAACGACGGAAACTTTGACTGGACTGACTTGATGACTGG;Hairpin:CCAGTCATCAAGTCAGTCCAGTCAAAGTTTCCGTCGTTCAGCGGGGAATGTATACAGTTCATGTATATATTCCCCGCTTTTTTTTT;;;;;;;;
Transcriptional riboregulator pair 5;STAR5;Riboregulators;245.68;-;38530.06;156.83;MEFL;-;-;Promoter:J23119,Ribozyme:STAR5,Terminator:t500//Promoter:J23119,Ribozyme:Target,RBS:,CDS:sfGFP,Terminator:TrrnB;Buffer;RNA;Activation;Lucks;Chappell, J., Westbrook, A., Verosloff, M. and Lucks, J., 2017. Computational design of small transcription activating RNAs for versatile and dynamic gene regulation. Nature Communications, 8(1).;https://doi.org/10.1038/s41467-017-01082-6;TG1;pJBL;p15A/ColE1;Clo/Amp;Riboregulator, STAR, small trans-activating RNA, hairpin, computational design;Trans-regulator:TGAACTGTATACATTCCCCGCAGGATAGGAATTGAAGATGAAACGATGAGACTTGGGACGA;Hairpin:TCGTCCCAAGTCTCATCGTTTCATCTTCAATTCCTATCCTGCGGGGAATGTATACAGTTCATGTATATATTCCCCGCTTTTTTTTT;;;;;;;;
Transcriptional riboregulator pair 4;STAR4;Riboregulators;261;-;109405.49;419.18;MEFL;-;-;Promoter:J23119,Ribozyme:STAR4,Terminator:t500//Promoter:J23119,Ribozyme:Target,RBS:,CDS:sfGFP,Terminator:TrrnB;Buffer;RNA;Activation;Lucks;Chappell, J., Westbrook, A., Verosloff, M. and Lucks, J., 2017. Computational design of small transcription activating RNAs for versatile and dynamic gene regulation. Nature Communications, 8(1).;https://doi.org/10.1038/s41467-017-01082-6;TG1;pJBL;p15A/ColE1;Clo/Amp;Riboregulator, STAR, small trans-activating RNA, hairpin, computational design;Trans-regulator:TGAACTGTATACATTCCCCGCAAGAATAGAGTGATAGAAATGAGGTAAGATAAGGATAAGG;Hairpin:CCTTATCCTTATCTTACCTCATTTCTATCACTCTATTCTTGCGGGGAATGTATACAGTTCATGTATATATTCCCCGCTTTTTTTTT;;;;;;;;
Transcriptional riboregulator pair 3;STAR3;Riboregulators;337.45;-;160416.31;475.38;MEFL;-;-;Promoter:J23119,Ribozyme:STAR3,Terminator:t500//Promoter:J23119,Ribozyme:Target,RBS:,CDS:sfGFP,Terminator:TrrnB;Buffer;RNA;Activation;Lucks;Chappell, J., Westbrook, A., Verosloff, M. and Lucks, J., 2017. Computational design of small transcription activating RNAs for versatile and dynamic gene regulation. Nature Communications, 8(1).;https://doi.org/10.1038/s41467-017-01082-6;TG1;pJBL;p15A/ColE1;Clo/Amp;Riboregulator, STAR, small trans-activating RNA, hairpin, computational design;Trans-regulator:TGAACTGTATACATTCCCCGCAAAGACACAGGACAGGACAGGCAGATAGATAGGATAGAGG;Hairpin:CCTCTATCCTATCTATCTGCCTGTCCTGTCCTGTGTCTTTGCGGGGAATGTATACAGTTCATGTATATATTCCCCGCTTTTTTTTT;;;;;;;;
Transcriptional riboregulator pair 2;STAR2;Riboregulators;339.39;-;80559.78;237.37;MEFL;-;-;Promoter:J23119,Ribozyme:STAR2,Terminator:t500//Promoter:J23119,Ribozyme:Target,RBS:,CDS:sfGFP,Terminator:TrrnB;Buffer;RNA;Activation;Lucks;Chappell, J., Westbrook, A., Verosloff, M. and Lucks, J., 2017. Computational design of small transcription activating RNAs for versatile and dynamic gene regulation. Nature Communications, 8(1).;https://doi.org/10.1038/s41467-017-01082-6;TG1;pJBL;p15A/ColE1;Clo/Amp;Riboregulator, STAR, small trans-activating RNA, hairpin, computational design;Trans-regulator:TGAACTGTATACATTCCCCGCAAAGTGAGATGATAATGAGATAAGAATATGGAGATGGAGG;Hairpin:CCTCCATCTCCATATTCTTATCTCATTATCATCTCACTTTGCGGGGAATGTATACAGTTCATGTATATATTCCCCGCTTTTTTTTT;;;;;;;;
Transcriptional riboregulator pair 7;STAR7;Riboregulators;217.75;-;77255;354.78;MEFL;-;-;Promoter:J23119,Ribozyme:STAR7,Terminator:t500//Promoter:J23119,Ribozyme:Target,RBS:,CDS:sfGFP,Terminator:TrrnB;Buffer;RNA;Activation;Lucks;Chappell, J., Westbrook, A., Verosloff, M. and Lucks, J., 2017. Computational design of small transcription activating RNAs for versatile and dynamic gene regulation. Nature Communications, 8(1).;https://doi.org/10.1038/s41467-017-01082-6;TG1;pJBL;p15A/ColE1;Clo/Amp;Riboregulator, STAR, small trans-activating RNA, hairpin, computational design;Trans-regulator:TGAACTGTATACATTCCCCGCAGAGTAAGATGGAAGCGATAGATAGAGATGGAGGTGAGGG;Hairpin:CCCTCACCTCCATCTCTATCTATCGCTTCCATCTTACTCTGCGGGGAATGTATACAGTTCATGTATATATTCCCCGCTTTTTTTTT;;;;;;;;
Transcriptional riboregulator pair 82;STAR82;Riboregulators;10.77;-;36372.28;3377.76;MEFL;-;-;Promoter:J23119,Ribozyme:STAR82,Terminator:t500//Promoter:J23119,Ribozyme:Target,RBS:,CDS:sfGFP,Terminator:TrrnB;Buffer;RNA;Activation;Lucks;Chappell, J., Westbrook, A., Verosloff, M. and Lucks, J., 2017. Computational design of small transcription activating RNAs for versatile and dynamic gene regulation. Nature Communications, 8(1).;https://doi.org/10.1038/s41467-017-01082-6;TG1;pJBL;p15A/ColE1;Clo/Amp;Riboregulator, STAR, small trans-activating RNA, hairpin, computational design;Trans-regulator:TGAACTGTATACATTCCCCGCACAAGAATCAAACGCGGAGGCCTTAGGAACATGCCATATC;Hairpin:GATATGGCATGTTCCTAAGGCCTCCGCGTTTGATTCTTGTGCGGGGAATGTATACAGTTCATGTATATATTCCCCGCTTTTTTTTT;;;;;;;;
Transcriptional riboregulator pair 56;STAR56;Riboregulators;28.39;-;74827.38;2635.96;MEFL;-;-;Promoter:J23119,Ribozyme:STAR56,Terminator:t500//Promoter:J23119,Ribozyme:Target,RBS:,CDS:sfGFP,Terminator:TrrnB;Buffer;RNA;Activation;Lucks;Chappell, J., Westbrook, A., Verosloff, M. and Lucks, J., 2017. Computational design of small transcription activating RNAs for versatile and dynamic gene regulation. Nature Communications, 8(1).;https://doi.org/10.1038/s41467-017-01082-6;TG1;pJBL;p15A/ColE1;Clo/Amp;Riboregulator, STAR, small trans-activating RNA, hairpin, computational design;Trans-regulator:TGAACTGTATACATTCCCCGCAGCAGCATCATAGTTCGTCAAGTTCATAGTAGTTAGTCCC;Hairpin:GGGACTAACTACTATGAACTTGACGAACTATGATGCTGCTGCGGGGAATGTATACAGTTCATGTATATATTCCCCGCTTTTTTTTT;;;;;;;;
Transcriptional riboregulator pair 50;STAR50;Riboregulators;32.61;-;99266.31;3043.82;MEFL;-;-;Promoter:J23119,Ribozyme:STAR50,Terminator:t500//Promoter:J23119,Ribozyme:Target,RBS:,CDS:sfGFP,Terminator:TrrnB;Buffer;RNA;Activation;Lucks;Chappell, J., Westbrook, A., Verosloff, M. and Lucks, J., 2017. Computational design of small transcription activating RNAs for versatile and dynamic gene regulation. Nature Communications, 8(1).;https://doi.org/10.1038/s41467-017-01082-6;TG1;pJBL;p15A/ColE1;Clo/Amp;Riboregulator, STAR, small trans-activating RNA, hairpin, computational design;Trans-regulator:TGAACTGTATACATTCCCCGCAAAGTGCCTATCTGTCGTCGTGTTATCTTTATGTTTCTGG;Hairpin:CCAGAAACATAAAGATAACACGACGGACAGATAGGCACTTTGCGGGGAATGTATACAGTTCATGTATATATTCCCCGCTTTTTTTTT;;;;;;;;
Transcriptional riboregulator pair 28;STAR28;Riboregulators;77.54;-;83146.67;1072.29;MEFL;-;-;Promoter:J23119,Ribozyme:STAR28,Terminator:t500//Promoter:J23119,Ribozyme:Target,RBS:,CDS:sfGFP,Terminator:TrrnB;Buffer;RNA;Activation;Lucks;Chappell, J., Westbrook, A., Verosloff, M. and Lucks, J., 2017. Computational design of small transcription activating RNAs for versatile and dynamic gene regulation. Nature Communications, 8(1).;https://doi.org/10.1038/s41467-017-01082-6;TG1;pJBL;p15A/ColE1;Clo/Amp;Riboregulator, STAR, small trans-activating RNA, hairpin, computational design;Trans-regulator:TGAACTGTATACATTCCCCGCTGCTCCAACATTTATACAACTAATTAAAACAATTCACTGTAAAAACT;Hairpin:AGTTTTTACAGTGAATTGTTTTAATTAGTTGTATAAATGTTGGAGCAGCGGGGAATGTATACAGTTCATGTATATATTCCCCGCTTTTTTTTT;;;;;;;;
Transcriptional riboregulator pair 10;STAR10;Riboregulators;197.79;-;87684.19;443.33;MEFL;-;-;Promoter:J23119,Ribozyme:STAR10,Terminator:t500//Promoter:J23119,Ribozyme:Target,RBS:,CDS:sfGFP,Terminator:TrrnB;Buffer;RNA;Activation;Lucks;Chappell, J., Westbrook, A., Verosloff, M. and Lucks, J., 2017. Computational design of small transcription activating RNAs for versatile and dynamic gene regulation. Nature Communications, 8(1).;https://doi.org/10.1038/s41467-017-01082-6;TG1;pJBL;p15A/ColE1;Clo/Amp;Riboregulator, STAR, small trans-activating RNA, hairpin, computational design;Trans-regulator:TGAACTGTATACATTCCCCGCAAGATAAAGGTGTAGAAATGTGAGAGCGAAATGAGATGAG;Hairpin:CTCATCTCATTTCGCTCTCACATTTCTACACCTTTATCTTGCGGGGAATGTATACAGTTCATGTATATATTCCCCGCTTTTTTTTT;;;;;;;;
Transcriptional riboregulator pair 1;STAR1;Riboregulators;380.29;-;128563.82;338.07;MEFL;-;-;Promoter:J23119,Ribozyme:STAR1,Terminator:t500//Promoter:J23119,Ribozyme:Target,RBS:,CDS:sfGFP,Terminator:TrrnB;Buffer;RNA;Activation;Lucks;Chappell, J., Westbrook, A., Verosloff, M. and Lucks, J., 2017. Computational design of small transcription activating RNAs for versatile and dynamic gene regulation. Nature Communications, 8(1).;https://doi.org/10.1038/s41467-017-01082-6;TG1;pJBL;p15A/ColE1;Clo/Amp;Riboregulator, STAR, small trans-activating RNA, hairpin, computational design;Trans-regulator:TGAACTGTATACATTCCCCGCAGGATGAGATGAGAACGATAGAGATGCAAAGGTAAGATGG;Hairpin:CCATCTTACCTTTGCATCTCTATCGTTCTCATCTCATCCTGCGGGGAATGTATACAGTTCATGTATATATTCCCCGCTTTTTTTTT;;;;;;;;
Transcriptional riboregulator pair 86;STAR86;Riboregulators;8.85;-;33534.42;3788.83;MEFL;-;-;Promoter:J23119,Ribozyme:STAR86,Terminator:t500//Promoter:J23119,Ribozyme:Target,RBS:,CDS:sfGFP,Terminator:TrrnB;Buffer;RNA;Activation;Lucks;Chappell, J., Westbrook, A., Verosloff, M. and Lucks, J., 2017. Computational design of small transcription activating RNAs for versatile and dynamic gene regulation. Nature Communications, 8(1).;https://doi.org/10.1038/s41467-017-01082-6;TG1;pJBL;p15A/ColE1;Clo/Amp;Riboregulator, STAR, small trans-activating RNA, hairpin, computational design;Trans-regulator:TGAACTGTATACATTCCCCGCAAATGGCAACCGGCTTGATAAACTCTATGGACTTCGTATG;Hairpin:CATACGAAGTCCATAGAGTTTATCAAGCCGGTTGCCATTTGCGGGGAATGTATACAGTTCATGTATATATTCCCCGCTTTTTTTTT;;;;;;;;
